{
  "label": "Training",
  "episode_rewards": [
    -9164.66411551363,
    58.2710030350048,
    67.53370305611347,
    -26441.792591127596,
    -24712.85846833626,
    61.64428737568944,
    61.11119288240459,
    56.150383893785,
    68.98060381689741,
    -67.50685080052152,
    5.59819102234653,
    71.40996463024,
    65.27690323829296,
    69.3738696137355,
    -21570.831583356012,
    69.2578833743038,
    41.19839142347134,
    29.80349598195393,
    7.9572710112986975,
    -27.422167962389835,
    39.896786221764415,
    68.05172315333316,
    70.18854016347564,
    70.57329427889184,
    -8696.135253944934,
    12.56079221081115,
    -97.50315959008793,
    62.609217724207596,
    57.65832808084591,
    52.626615242150784,
    59.12140928808812,
    42.70365007948767,
    63.740778525574804,
    46.54784626760545,
    65.40932012648656,
    65.24250345827869,
    -3.369370457086321,
    72.93085117317524,
    64.26397770095839,
    37.47632318738813,
    66.66399435837953,
    66.98116863916377,
    8.975896963754417,
    67.39326070197758,
    66.8975397590913,
    66.7308714169421,
    34.166666362735675,
    56.68893393856608,
    69.50220006038577,
    60.52077001961909,
    61.29218737894733,
    32.356841267148724,
    70.36552975140475,
    35.26030164517178,
    63.94578398571311,
    60.55140315602718,
    50.95762214609003,
    58.66986081063416,
    64.70326496078303,
    64.64125894671548,
    63.54178292438066,
    9.016446007039777,
    57.24067972750492,
    70.42180728809147,
    59.21014681574869,
    64.30489347724283,
    67.67900704021729,
    61.0515010067141,
    73.44851999653991,
    71.93656956650055,
    66.84377451842332,
    82.54715654188084,
    59.39110220190864,
    81.32909471247254,
    -323.06494386070506,
    56.40915553985794,
    58.874926216811176,
    65.46490948279556,
    64.67284986824795,
    65.04256594006183,
    39.2660861442552,
    66.94721232648409,
    62.19177495277455,
    67.46011816654877,
    58.14759765430886,
    65.08647211633199,
    72.18671444854364,
    71.43336387377066,
    66.75517086859185,
    63.28317194632613,
    66.16813305782911,
    72.74734994246535,
    72.19953704086414,
    70.47475680373446,
    66.18743376633157,
    80.19041574488818,
    78.25383060841979,
    81.81147718085225,
    -8.358212785229917,
    70.05993200163658
  ],
  "episode_steps": [
    100,
    100,
    100,
    100,
    100,
    100,
    100,
    100,
    100,
    100,
    100,
    100,
    100,
    100,
    100,
    100,
    100,
    100,
    100,
    100,
    100,
    100,
    100,
    100,
    100,
    100,
    100,
    100,
    100,
    100,
    100,
    100,
    100,
    100,
    100,
    100,
    100,
    100,
    100,
    100,
    100,
    100,
    100,
    100,
    100,
    100,
    100,
    100,
    100,
    100,
    100,
    100,
    100,
    100,
    100,
    100,
    100,
    100,
    100,
    100,
    100,
    100,
    100,
    100,
    100,
    100,
    100,
    100,
    100,
    100,
    100,
    100,
    100,
    100,
    100,
    100,
    100,
    100,
    100,
    100,
    100,
    100,
    100,
    100,
    100,
    100,
    100,
    100,
    100,
    100,
    100,
    100,
    100,
    100,
    100,
    100,
    100,
    100,
    100,
    100
  ],
  "episode_cells": [
    8,
    6,
    9,
    9,
    8,
    6,
    6,
    7,
    7,
    8,
    9,
    11,
    6,
    7,
    8,
    7,
    8,
    12,
    12,
    10,
    9,
    6,
    6,
    8,
    11,
    12,
    8,
    9,
    7,
    11,
    10,
    10,
    6,
    8,
    9,
    8,
    11,
    12,
    12,
    15,
    13,
    14,
    10,
    8,
    6,
    7,
    7,
    7,
    9,
    11,
    9,
    12,
    8,
    8,
    8,
    6,
    7,
    8,
    6,
    7,
    6,
    6,
    7,
    7,
    5,
    6,
    9,
    15,
    15,
    14,
    14,
    18,
    14,
    14,
    9,
    9,
    10,
    8,
    8,
    10,
    9,
    7,
    9,
    9,
    8,
    8,
    8,
    8,
    9,
    9,
    7,
    8,
    8,
    10,
    9,
    15,
    13,
    15,
    10,
    8
  ],
  "episode_speeds": [
    0.332,
    0.34600000000000003,
    0.5,
    0.48200000000000004,
    0.43,
    0.3459999999999999,
    0.324,
    0.37800000000000006,
    0.45199999999999996,
    0.47,
    0.456,
    0.5699999999999998,
    0.36199999999999993,
    0.3999999999999999,
    0.59,
    0.39,
    0.484,
    0.6199999999999999,
    0.644,
    0.558,
    0.502,
    0.36399999999999993,
    0.3919999999999999,
    0.478,
    0.586,
    0.628,
    0.592,
    0.5319999999999999,
    0.38199999999999995,
    0.5619999999999999,
    0.57,
    0.49,
    0.3819999999999999,
    0.40800000000000003,
    0.56,
    0.544,
    0.54,
    0.7799999999999997,
    0.686,
    0.794,
    0.8059999999999999,
    0.816,
    0.6719999999999997,
    0.4800000000000001,
    0.37999999999999984,
    0.4039999999999999,
    0.42,
    0.522,
    0.556,
    0.5939999999999999,
    0.572,
    0.726,
    0.4860000000000001,
    0.442,
    0.5519999999999999,
    0.37599999999999995,
    0.4379999999999999,
    0.5099999999999999,
    0.37599999999999995,
    0.37799999999999995,
    0.3899999999999999,
    0.3439999999999999,
    0.4059999999999999,
    0.3899999999999999,
    0.38199999999999995,
    0.38599999999999995,
    0.542,
    0.8440000000000001,
    0.8320000000000001,
    0.83,
    0.826,
    0.8740000000000001,
    0.7979999999999999,
    0.858,
    0.628,
    0.498,
    0.6680000000000003,
    0.43200000000000005,
    0.5179999999999999,
    0.5679999999999998,
    0.512,
    0.43999999999999995,
    0.5459999999999998,
    0.5219999999999999,
    0.5099999999999999,
    0.5519999999999999,
    0.578,
    0.57,
    0.55,
    0.5479999999999999,
    0.428,
    0.576,
    0.576,
    0.5619999999999999,
    0.5519999999999999,
    0.8640000000000001,
    0.8740000000000001,
    0.9,
    0.62,
    0.524
  ],
  "episode_collisions": [
    0.19,
    0.0,
    0.0,
    0.35,
    0.61,
    0.0,
    0.0,
    0.07,
    0.0,
    0.54,
    0.39,
    0.04,
    0.0,
    0.0,
    0.35,
    0.0,
    0.19,
    0.22,
    0.29,
    0.53,
    0.21,
    0.0,
    0.0,
    0.02,
    0.65,
    0.38,
    0.53,
    0.1,
    0.09,
    0.14,
    0.14,
    0.21,
    0.05,
    0.18,
    0.09,
    0.09,
    0.32,
    0.11,
    0.14,
    0.29,
    0.16,
    0.17,
    0.38,
    0.05,
    0.02,
    0.03,
    0.19,
    0.15,
    0.06,
    0.11,
    0.13,
    0.33,
    0.03,
    0.19,
    0.1,
    0.07,
    0.13,
    0.13,
    0.03,
    0.04,
    0.05,
    0.24,
    0.1,
    0.0,
    0.08,
    0.04,
    0.08,
    0.18,
    0.13,
    0.14,
    0.17,
    0.08,
    0.21,
    0.07,
    0.46,
    0.14,
    0.17,
    0.05,
    0.08,
    0.11,
    0.21,
    0.04,
    0.11,
    0.06,
    0.14,
    0.1,
    0.05,
    0.05,
    0.08,
    0.11,
    0.04,
    0.04,
    0.05,
    0.06,
    0.09,
    0.08,
    0.1,
    0.09,
    0.49,
    0.05
  ],
  "episode_avoidances": [
    0.0,
    0.0,
    0.0,
    0.0,
    0.0,
    0.0,
    0.0,
    0.0,
    0.0,
    0.0,
    0.0,
    0.0,
    0.0,
    0.0,
    0.0,
    0.0,
    0.0,
    0.0,
    0.0,
    0.0,
    0.0,
    0.0,
    0.0,
    0.0,
    0.0,
    0.0,
    0.0,
    0.0,
    0.0,
    0.0,
    0.0,
    0.0,
    0.0,
    0.0,
    0.0,
    0.0,
    0.0,
    0.0,
    0.0,
    0.0,
    0.0,
    0.0,
    0.0,
    0.0,
    0.0,
    0.0,
    0.0,
    0.0,
    0.0,
    0.0,
    0.0,
    0.0,
    0.0,
    0.0,
    0.0,
    0.0,
    0.0,
    0.0,
    0.0,
    0.0,
    0.0,
    0.0,
    0.0,
    0.0,
    0.0,
    0.0,
    0.0,
    0.0,
    0.0,
    0.0,
    0.0,
    0.0,
    0.0,
    0.0,
    0.0,
    0.0,
    0.0,
    0.0,
    0.0,
    0.0,
    0.0,
    0.0,
    0.0,
    0.0,
    0.0,
    0.0,
    0.0,
    0.0,
    0.0,
    0.0,
    0.0,
    0.0,
    0.0,
    0.0,
    0.0,
    0.0,
    0.0,
    0.0,
    0.0,
    0.0
  ]
}