{
  "label": "TD3_Training",
  "episode_rewards": [
    8.677081219706452,
    8.723687463672832,
    8.951015891332645,
    6.400953361415304,
    9.363308241590858,
    6.675944762653671,
    8.271323525776097,
    8.586067145202833,
    5.004721220073407,
    9.001889728708193,
    -342719.04927199753,
    -708007.14068079,
    -691862.7454316616,
    -710754.6839676201,
    -655359.5227648914,
    -662647.5421879292,
    -668481.5816312134,
    -661739.9157646894,
    -657259.3141279817,
    -665602.8503907621,
    -682973.357804954,
    -685630.2925975025,
    -672027.9527412951,
    -652835.1744021475,
    -675196.3190219104,
    -256617.3773527518,
    -13.64738797582686,
    -14.64403684437275,
    -14.657841393724084,
    -13.885484006255865,
    -14.71431193344688,
    -14.728921733796597,
    -14.717027924954891,
    -14.101252246648073,
    -120041.43090229854,
    -65394.195452325046,
    -308845.81738066673,
    -1799728.5924192816,
    -2.949528010096401,
    -4.468231567443581,
    -7.475612348956929,
    -8.075934282969683,
    -6.023129008710384,
    4.223424009949667,
    21.89424103591591,
    9.915124066057615,
    22.45404322585091,
    25.52312782034278,
    15.485337215126492,
    -3.451776650501415
  ],
  "episode_steps": [
    100,
    100,
    100,
    100,
    100,
    100,
    100,
    100,
    100,
    100,
    100,
    100,
    100,
    100,
    100,
    100,
    100,
    100,
    100,
    100,
    100,
    100,
    100,
    100,
    100,
    100,
    100,
    100,
    100,
    100,
    100,
    100,
    100,
    100,
    100,
    100,
    100,
    100,
    100,
    100,
    100,
    100,
    100,
    100,
    100,
    100,
    100,
    100,
    100,
    100
  ],
  "episode_cells": [
    1,
    1,
    1,
    1,
    1,
    1,
    1,
    1,
    1,
    1,
    1,
    1,
    1,
    1,
    1,
    1,
    1,
    1,
    1,
    1,
    1,
    1,
    1,
    1,
    1,
    1,
    1,
    1,
    1,
    1,
    1,
    1,
    1,
    1,
    1,
    1,
    1,
    1,
    1,
    1,
    1,
    1,
    1,
    1,
    1,
    1,
    1,
    1,
    1,
    1
  ],
  "episode_speeds": [
    0.18228930085897446,
    0.16231241196393967,
    0.16307103544473647,
    0.15106410533189774,
    0.19139067262411116,
    0.1252894926071167,
    0.15471066772937775,
    0.1921861782670021,
    0.12294049113988877,
    0.1667033264040947,
    0.6461440846323967,
    0.94041532933712,
    0.9479911679029465,
    0.944058324098587,
    0.9299798619747162,
    0.9312255895137787,
    0.9427810114622116,
    0.9406397598981857,
    0.939316428899765,
    0.9314666843414307,
    0.9437759906053543,
    0.9413816857337952,
    0.9291959416866302,
    0.9355991077423096,
    0.9351784175634384,
    0.6587217968702316,
    0.02963697522878647,
    0.02194479078054428,
    0.0187696048617363,
    0.027445931732654572,
    0.019360487759113313,
    0.022910823225975038,
    0.02222365081310272,
    0.02009136140346527,
    0.0,
    0.0,
    0.0,
    0.0,
    0.007425341010093689,
    0.008212090432643891,
    0.0058149129152297975,
    0.003993049263954163,
    0.023432259857654573,
    0.09841059118509293,
    0.23077485233545303,
    0.13757986277341844,
    0.2320470079779625,
    0.25337346374988556,
    0.1753798642754555,
    0.04768469750881195
  ],
  "episode_collisions": [
    0.0,
    0.0,
    0.0,
    0.0,
    0.0,
    0.0,
    0.0,
    0.0,
    0.0,
    0.0,
    0.0,
    0.0,
    0.0,
    0.0,
    0.0,
    0.0,
    0.0,
    0.0,
    0.0,
    0.0,
    0.0,
    0.0,
    0.0,
    0.0,
    0.0,
    0.0,
    0.0,
    0.0,
    0.0,
    0.0,
    0.0,
    0.0,
    0.0,
    0.0,
    0.0,
    0.0,
    0.0,
    0.0,
    0.0,
    0.0,
    0.0,
    0.0,
    0.0,
    0.0,
    0.0,
    0.0,
    0.0,
    0.0,
    0.0,
    0.0
  ],
  "episode_avoidances": [
    0.0,
    0.0,
    0.0,
    0.0,
    0.0,
    0.0,
    0.0,
    0.0,
    0.0,
    0.0,
    0.0,
    0.0,
    0.0,
    0.0,
    0.0,
    0.0,
    0.0,
    0.0,
    0.0,
    0.0,
    0.0,
    0.0,
    0.0,
    0.0,
    0.0,
    0.0,
    0.0,
    0.0,
    0.0,
    0.0,
    0.0,
    0.0,
    0.0,
    0.0,
    0.0,
    0.0,
    0.0,
    0.0,
    0.0,
    0.0,
    0.0,
    0.0,
    0.0,
    0.0,
    0.0,
    0.0,
    0.0,
    0.0,
    0.0,
    0.0
  ]
}