{
  "label": "TD3_Training",
  "episode_rewards": [
    20.102068528532982,
    26.23034507036209,
    -37.026905581355095,
    -16.914096415042877,
    6.657783895730972,
    31.15627846121788,
    -157.9356648027897,
    -2149.5054582953453,
    38.23783078789711,
    36.96058705449104,
    -387025.5059655905,
    -42210.854463890195,
    -18554.220917075872,
    -84539.82681441307,
    -1541.8346279859543,
    -152196.80952751637,
    -523060.78369659185,
    -11687.335986673832,
    -575.5330658555031,
    -17032.2029350698,
    -521.2444235682487,
    -512.7993649244308,
    -666.677201628685,
    -533.0814720392227,
    -644.4562388658524,
    -62516.836894497275,
    -204699.51065811515,
    -464.87104803323746,
    -546.4144715368748,
    -485.88146355748177,
    -543.6951780021191,
    -118548.7937052846,
    -572.4489842653275,
    -518.851498901844,
    -584.085882037878,
    -197013.10868254304,
    -547.1248811930418,
    -75189.63360694051,
    -552.8316810131073,
    -827.4174758195877,
    -122854.85659655929,
    -516.9131560921669,
    -516.3647792190313,
    -55882.826916605234,
    -523.7942490577698,
    -530.1285192072392,
    -165945.50283917785,
    -46300.95583418012,
    -532.3773598819971,
    -28526.518374055624
  ],
  "episode_steps": [
    100,
    100,
    100,
    100,
    100,
    100,
    100,
    100,
    100,
    100,
    100,
    100,
    100,
    100,
    100,
    100,
    100,
    100,
    100,
    100,
    100,
    100,
    100,
    100,
    100,
    100,
    100,
    100,
    100,
    100,
    100,
    100,
    100,
    100,
    100,
    100,
    100,
    100,
    100,
    100,
    100,
    100,
    100,
    100,
    100,
    100,
    100,
    100,
    100,
    100
  ],
  "episode_cells": [
    1,
    1,
    1,
    1,
    1,
    1,
    1,
    1,
    1,
    1,
    1,
    1,
    1,
    1,
    1,
    1,
    1,
    1,
    1,
    1,
    1,
    1,
    1,
    1,
    1,
    1,
    1,
    1,
    1,
    1,
    1,
    1,
    1,
    1,
    1,
    1,
    1,
    1,
    1,
    1,
    1,
    1,
    1,
    1,
    1,
    1,
    1,
    1,
    1,
    1
  ],
  "episode_speeds": [
    0.1766395488381386,
    0.13794341504573823,
    0.19944737434387208,
    0.1517539292573929,
    0.17621501237154008,
    0.15334303706884383,
    0.1797317185997963,
    0.1884178650379181,
    0.15498185247182847,
    0.15077254593372344,
    0.6557188549637795,
    0.2873267862200737,
    0.0,
    0.0,
    0.0,
    0.0,
    0.0,
    0.0,
    0.0,
    0.0,
    0.0,
    0.0,
    0.0,
    0.0,
    0.0,
    0.0,
    0.0,
    0.0,
    0.0,
    0.0,
    0.0,
    0.0,
    0.0,
    0.0,
    0.0,
    0.0,
    0.0,
    0.0,
    0.0,
    0.0,
    0.0,
    0.0,
    0.0,
    0.0,
    0.0,
    0.0,
    0.0,
    0.0,
    0.0,
    0.0
  ],
  "episode_collisions": [
    0.0,
    0.0,
    0.0,
    0.0,
    0.0,
    0.0,
    0.0,
    0.0,
    0.0,
    0.0,
    0.0,
    0.0,
    0.0,
    0.0,
    0.0,
    0.0,
    0.0,
    0.0,
    0.0,
    0.0,
    0.0,
    0.0,
    0.0,
    0.0,
    0.0,
    0.0,
    0.0,
    0.0,
    0.0,
    0.0,
    0.0,
    0.0,
    0.0,
    0.0,
    0.0,
    0.0,
    0.0,
    0.0,
    0.0,
    0.0,
    0.0,
    0.0,
    0.0,
    0.0,
    0.0,
    0.0,
    0.0,
    0.0,
    0.0,
    0.0
  ],
  "episode_avoidances": [
    0.0,
    0.0,
    0.0,
    0.0,
    0.0,
    0.0,
    0.0,
    0.0,
    0.0,
    0.0,
    0.0,
    0.0,
    0.0,
    0.0,
    0.0,
    0.0,
    0.0,
    0.0,
    0.0,
    0.0,
    0.0,
    0.0,
    0.0,
    0.0,
    0.0,
    0.0,
    0.0,
    0.0,
    0.0,
    0.0,
    0.0,
    0.0,
    0.0,
    0.0,
    0.0,
    0.0,
    0.0,
    0.0,
    0.0,
    0.0,
    0.0,
    0.0,
    0.0,
    0.0,
    0.0,
    0.0,
    0.0,
    0.0,
    0.0,
    0.0
  ]
}