{
  "label": "TD3_Validation",
  "episode_rewards": [
    -6.689105833935837,
    -6.677256911198936,
    -6.676848746939989,
    -6.681038858347436,
    -6.676672716152767
  ],
  "episode_steps": [
    100,
    100,
    100,
    100,
    100
  ],
  "episode_cells": [
    2,
    2,
    2,
    2,
    2
  ],
  "episode_speeds": [
    0.0,
    0.0,
    0.0,
    0.0,
    0.0
  ],
  "episode_collisions": [
    0.0,
    0.0,
    0.0,
    0.0,
    0.0
  ],
  "episode_avoidances": [
    0.0,
    0.0,
    0.0,
    0.0,
    0.0
  ]
}