{
  "label": "TD3_Validation",
  "episode_rewards": [
    53.70642310297708,
    53.7059544961389,
    53.70952866137943,
    53.71048191783417,
    53.70790549968211
  ],
  "episode_steps": [
    100,
    100,
    100,
    100,
    100
  ],
  "episode_cells": [
    2,
    2,
    2,
    2,
    2
  ],
  "episode_speeds": [
    0.0,
    0.0,
    0.0,
    0.0,
    0.0
  ],
  "episode_collisions": [
    0.0,
    0.0,
    0.0,
    0.0,
    0.0
  ],
  "episode_avoidances": [
    0.0,
    0.0,
    0.0,
    0.0,
    0.0
  ]
}