{
  "label": "Training",
  "episode_rewards": [
    -36579.669393389144,
    -68899.44652263456,
    -76218.35028927021,
    -66750.12258611455,
    -14129.722762181986,
    54.860569994099095,
    45.604390771911085,
    -34752.11427273476,
    46.10870437299977,
    49.77050615661592,
    -131.06904165734832,
    -1414.3019951093372,
    -1200.9776137696424,
    49.34257295301088,
    7.92796410263401,
    -1512.5877697907229,
    68.1886700193725,
    15.445574599514714,
    65.49850722311743,
    -830.86020517371,
    19.91047856751191,
    15.577694747836762,
    -20.816103137760734,
    54.091563365120166,
    47.94767640486933,
    68.43425450533478,
    28.346057587417413,
    -2829.396815167008,
    47.500059038519645,
    57.00760241375778,
    47.89408718191656,
    62.92482159241982,
    51.87499586628281,
    -323.86657424657375,
    27.885154630251176,
    62.351293414791826,
    56.58005284060544,
    65.19257764774451,
    62.74507984082944,
    68.41668382078409,
    44.33142570025969,
    51.039564339433646,
    56.310927842272214,
    57.56729813533722,
    51.728077167466594,
    53.07309493563892,
    12.882140573919454,
    53.06360443342649,
    58.471866493135025,
    55.64658541688989,
    65.0054673061646,
    57.49806726238213,
    57.62724663707176,
    65.49711200901936,
    52.52050684551808,
    -30.66490134977664,
    64.26211504760941,
    62.86108812486662,
    58.01601376949688,
    57.96767836209595,
    58.854942380752014,
    64.60617088793394,
    60.41349676203334,
    55.671675076939984,
    -24642.348520611955,
    36.28523089506536,
    9.460637949356828,
    63.83514584996244,
    62.492990545363895,
    61.25774978640407,
    64.0705171238394,
    67.89443532028706,
    59.43721036221823,
    12.744370129684249,
    68.04041418776852,
    61.90039689387991,
    58.57210310351049,
    67.76964603140635,
    63.6669251001763,
    66.45196880696311,
    55.895937795645196,
    60.533516692965755,
    63.95410155162251,
    60.9848521036248,
    64.23250242962378,
    45.3377803858709,
    53.35872059606641,
    59.57979743931112,
    60.55076252295568,
    60.059895875311724,
    60.818428495033324,
    52.13892671591892,
    55.06937235615578,
    61.35763608416928,
    55.95520585182897,
    63.29454248689719,
    59.77506941809766,
    50.43123989308986,
    54.11827358776029,
    62.449711965691684
  ],
  "episode_steps": [
    100,
    100,
    100,
    100,
    100,
    100,
    100,
    100,
    100,
    100,
    100,
    100,
    100,
    100,
    100,
    100,
    100,
    100,
    100,
    100,
    100,
    100,
    100,
    100,
    100,
    100,
    100,
    100,
    100,
    100,
    100,
    100,
    100,
    100,
    100,
    100,
    100,
    100,
    100,
    100,
    100,
    100,
    100,
    100,
    100,
    100,
    100,
    100,
    100,
    100,
    100,
    100,
    100,
    100,
    100,
    100,
    100,
    100,
    100,
    100,
    100,
    100,
    100,
    100,
    100,
    100,
    100,
    100,
    100,
    100,
    100,
    100,
    100,
    100,
    100,
    100,
    100,
    100,
    100,
    100,
    100,
    100,
    100,
    100,
    100,
    100,
    100,
    100,
    100,
    100,
    100,
    100,
    100,
    100,
    100,
    100,
    100,
    100,
    100,
    100
  ],
  "episode_cells": [
    4,
    4,
    5,
    4,
    5,
    9,
    9,
    6,
    8,
    9,
    8,
    6,
    7,
    10,
    8,
    9,
    11,
    9,
    11,
    12,
    9,
    9,
    8,
    10,
    8,
    12,
    6,
    8,
    9,
    8,
    7,
    8,
    8,
    8,
    10,
    10,
    10,
    10,
    10,
    11,
    8,
    7,
    6,
    8,
    7,
    11,
    11,
    9,
    7,
    7,
    9,
    9,
    8,
    10,
    9,
    10,
    8,
    8,
    8,
    7,
    9,
    7,
    7,
    8,
    15,
    9,
    7,
    8,
    8,
    7,
    12,
    10,
    7,
    10,
    16,
    13,
    10,
    11,
    10,
    11,
    11,
    8,
    9,
    11,
    8,
    8,
    8,
    10,
    9,
    7,
    8,
    9,
    7,
    10,
    6,
    10,
    10,
    9,
    9,
    9
  ],
  "episode_speeds": [
    0.28200000000000003,
    0.31000000000000005,
    0.32800000000000007,
    0.316,
    0.364,
    0.33799999999999997,
    0.32599999999999996,
    0.33199999999999996,
    0.42800000000000005,
    0.44800000000000006,
    0.424,
    0.42200000000000004,
    0.434,
    0.518,
    0.3579999999999999,
    0.45199999999999996,
    0.484,
    0.4859999999999999,
    0.5419999999999999,
    0.64,
    0.368,
    0.466,
    0.46199999999999997,
    0.526,
    0.43000000000000005,
    0.59,
    0.34800000000000003,
    0.4979999999999999,
    0.48599999999999993,
    0.42599999999999993,
    0.35999999999999993,
    0.39199999999999996,
    0.37800000000000006,
    0.4640000000000001,
    0.5740000000000001,
    0.524,
    0.508,
    0.5479999999999999,
    0.5399999999999999,
    0.5319999999999999,
    0.426,
    0.3839999999999999,
    0.36199999999999993,
    0.36199999999999993,
    0.38,
    0.588,
    0.552,
    0.466,
    0.36199999999999993,
    0.36199999999999993,
    0.488,
    0.5099999999999999,
    0.35999999999999993,
    0.51,
    0.398,
    0.54,
    0.39199999999999996,
    0.38599999999999995,
    0.3599999999999999,
    0.3679999999999999,
    0.37999999999999995,
    0.40199999999999997,
    0.38,
    0.40199999999999997,
    0.7379999999999999,
    0.49999999999999994,
    0.442,
    0.37199999999999994,
    0.38199999999999995,
    0.36399999999999993,
    0.612,
    0.48400000000000004,
    0.37,
    0.43799999999999994,
    0.774,
    0.6479999999999998,
    0.5259999999999999,
    0.526,
    0.5159999999999999,
    0.5599999999999999,
    0.5439999999999999,
    0.4640000000000001,
    0.48400000000000004,
    0.56,
    0.3939999999999999,
    0.3819999999999999,
    0.424,
    0.498,
    0.504,
    0.36999999999999994,
    0.37799999999999995,
    0.4679999999999999,
    0.408,
    0.546,
    0.35999999999999993,
    0.514,
    0.5319999999999999,
    0.502,
    0.496,
    0.5139999999999999
  ],
  "episode_collisions": [
    0.84,
    0.59,
    0.59,
    0.82,
    0.55,
    0.05,
    0.13,
    0.57,
    0.17,
    0.14,
    0.33,
    0.36,
    0.32,
    0.16,
    0.32,
    0.31,
    0.04,
    0.27,
    0.09,
    0.43,
    0.35,
    0.17,
    0.26,
    0.17,
    0.18,
    0.09,
    0.27,
    0.29,
    0.18,
    0.1,
    0.16,
    0.06,
    0.14,
    0.41,
    0.3,
    0.11,
    0.14,
    0.1,
    0.11,
    0.06,
    0.14,
    0.08,
    0.09,
    0.09,
    0.12,
    0.16,
    0.43,
    0.15,
    0.08,
    0.1,
    0.07,
    0.15,
    0.09,
    0.08,
    0.14,
    0.43,
    0.05,
    0.06,
    0.08,
    0.08,
    0.08,
    0.05,
    0.07,
    0.11,
    0.26,
    0.28,
    0.32,
    0.04,
    0.06,
    0.06,
    0.12,
    0.05,
    0.08,
    0.42,
    0.16,
    0.16,
    0.14,
    0.06,
    0.09,
    0.09,
    0.17,
    0.1,
    0.08,
    0.13,
    0.04,
    0.14,
    0.14,
    0.12,
    0.12,
    0.07,
    0.07,
    0.17,
    0.12,
    0.12,
    0.1,
    0.1,
    0.13,
    0.19,
    0.15,
    0.1
  ],
  "episode_avoidances": [
    0.0,
    0.0,
    0.0,
    0.0,
    0.0,
    0.0,
    0.0,
    0.0,
    0.0,
    0.0,
    0.0,
    0.0,
    0.0,
    0.0,
    0.0,
    0.0,
    0.0,
    0.0,
    0.0,
    0.0,
    0.0,
    0.0,
    0.0,
    0.0,
    0.0,
    0.0,
    0.0,
    0.0,
    0.0,
    0.0,
    0.0,
    0.0,
    0.0,
    0.0,
    0.0,
    0.0,
    0.0,
    0.0,
    0.0,
    0.0,
    0.0,
    0.0,
    0.0,
    0.0,
    0.0,
    0.0,
    0.0,
    0.0,
    0.0,
    0.0,
    0.0,
    0.0,
    0.0,
    0.0,
    0.0,
    0.0,
    0.0,
    0.0,
    0.0,
    0.0,
    0.0,
    0.0,
    0.0,
    0.0,
    0.0,
    0.0,
    0.0,
    0.0,
    0.0,
    0.0,
    0.0,
    0.0,
    0.0,
    0.0,
    0.0,
    0.0,
    0.0,
    0.0,
    0.0,
    0.0,
    0.0,
    0.0,
    0.0,
    0.0,
    0.0,
    0.0,
    0.0,
    0.0,
    0.0,
    0.0,
    0.0,
    0.0,
    0.0,
    0.0,
    0.0,
    0.0,
    0.0,
    0.0,
    0.0,
    0.0
  ]
}