{
  "label": "Training",
  "episode_rewards": [
    -1080.864215275587,
    -189.67718614849423,
    -1477.5998404677068,
    -827.0001620449856,
    -1062.4079371766375,
    -17.5495237221885,
    -94.43737970214318,
    -469.50417711691966,
    -14.834267808042762,
    -78.85301056508295,
    9.87256915806092,
    -179.39097473372718,
    -173.70792515001583,
    -14.733773211065067,
    -1.2135508511679727,
    -67.1321382126731,
    25.461914202289975,
    26.394679290639743,
    25.040213974628006,
    37.19671462572355,
    -12.46520435273641,
    -10.453926489259581,
    -0.7886063318314501,
    4.455557634725446,
    -248.29191369668274,
    37.603541775495366,
    -178.1417149908436,
    35.798400117840416,
    32.76891409724591,
    33.87365441084412,
    -1.8735416420803586,
    28.086422466234243,
    31.834650195288546,
    0.9022288392192215,
    -13.460735570558482,
    32.569874513491925,
    36.37890744621359,
    23.93910301872226,
    27.90846417439614,
    64.64285787023681,
    27.892051495448875,
    35.51228778668215,
    -97.8286074350015,
    -1.830898094220558,
    32.60609609153479,
    66.71709569832578,
    65.39824812225858,
    11.969571990506907,
    12.344893473645824,
    -12.709863268498951,
    77.1718442001519,
    23.818816342725615,
    20.901464936119126,
    52.80890764766922,
    79.7581826062964,
    11.84344130035677,
    8.60206728622306,
    83.99920708760604,
    7.9528065704532676,
    -7.786169011799651
  ],
  "episode_steps": [
    200,
    200,
    200,
    200,
    200,
    10,
    200,
    200,
    113,
    200,
    200,
    200,
    200,
    200,
    200,
    200,
    200,
    200,
    200,
    200,
    200,
    200,
    200,
    200,
    200,
    200,
    200,
    200,
    200,
    200,
    200,
    200,
    200,
    200,
    200,
    200,
    200,
    151,
    200,
    153,
    200,
    195,
    200,
    200,
    200,
    161,
    134,
    200,
    200,
    200,
    140,
    200,
    121,
    144,
    159,
    200,
    200,
    185,
    200,
    121
  ],
  "episode_cells": [
    0,
    0,
    0,
    0,
    0,
    0,
    0,
    0,
    0,
    0,
    0,
    0,
    0,
    0,
    0,
    0,
    0,
    0,
    0,
    0,
    0,
    0,
    0,
    0,
    0,
    0,
    0,
    0,
    0,
    0,
    0,
    0,
    0,
    0,
    0,
    0,
    0,
    0,
    0,
    0,
    0,
    0,
    0,
    0,
    0,
    0,
    0,
    0,
    0,
    0,
    0,
    0,
    0,
    0,
    0,
    0,
    0,
    0,
    0,
    0
  ],
  "episode_success": [
    0,
    0,
    0,
    0,
    0,
    0,
    0,
    0,
    1,
    0,
    0,
    0,
    0,
    0,
    0,
    0,
    0,
    0,
    0,
    0,
    0,
    0,
    0,
    0,
    0,
    0,
    0,
    0,
    0,
    0,
    0,
    0,
    0,
    0,
    0,
    0,
    0,
    1,
    0,
    1,
    0,
    1,
    0,
    0,
    0,
    1,
    1,
    0,
    0,
    0,
    1,
    0,
    1,
    1,
    1,
    0,
    0,
    1,
    0,
    0
  ],
  "episode_steps_per_win": [
    200.0,
    200.0,
    200.0,
    200.0,
    200.0,
    10.0,
    200.0,
    200.0,
    113.0,
    200.0,
    200.0,
    200.0,
    200.0,
    200.0,
    200.0,
    200.0,
    200.0,
    200.0,
    200.0,
    200.0,
    200.0,
    200.0,
    200.0,
    200.0,
    200.0,
    200.0,
    200.0,
    200.0,
    200.0,
    200.0,
    200.0,
    200.0,
    200.0,
    200.0,
    200.0,
    200.0,
    200.0,
    151.0,
    200.0,
    153.0,
    200.0,
    195.0,
    200.0,
    200.0,
    200.0,
    161.0,
    134.0,
    200.0,
    200.0,
    200.0,
    140.0,
    200.0,
    121.0,
    144.0,
    159.0,
    200.0,
    200.0,
    185.0,
    200.0,
    121.0
  ],
  "episode_speeds": [
    1.4376266585350037,
    1.3743367713928223,
    1.493288875389099,
    1.3823352873802184,
    1.4960255187034608,
    1.0657799606323242,
    1.006229519748688,
    1.0792143551826476,
    1.2709171006531843,
    1.195105359172821,
    0.8837724179267883,
    0.6477168710708618,
    1.086084965801239,
    0.9880439538002014,
    1.0056085523605347,
    0.743270554447174,
    0.6767098921775818,
    0.6262978604316711,
    0.7073170489311218,
    0.5647126108169556,
    1.1269185029029847,
    1.0271023507118224,
    1.1731310148239136,
    1.1059609844207763,
    1.0633762754440308,
    0.6215130701065064,
    1.0183902212142943,
    0.48882029638290403,
    0.4796060202598572,
    0.5043956793785095,
    0.9694913798332214,
    0.5800816988945008,
    0.47003993272781375,
    0.9174638341903685,
    1.355629455280304,
    0.4793792464256286,
    0.4257932214736938,
    0.6319170334165459,
    0.5412827235221863,
    1.002439832500383,
    0.6024746652603149,
    0.6617181050227239,
    0.9368650706291198,
    1.1519116259574889,
    0.6102295226097108,
    0.8770982915274104,
    1.181168955190858,
    1.9362515640258788,
    1.85503984746933,
    1.131963205242157,
    0.7830008230209351,
    1.1051731035232544,
    0.8164247590057121,
    1.31831258893013,
    0.7579860518113621,
    1.9296997882843017,
    1.5162255343437194,
    0.622159232783962,
    1.4218331479072568,
    0.9141318625458016
  ],
  "episode_collisions": [
    0.595,
    0.095,
    0.8,
    0.65,
    0.605,
    0.4,
    0.005,
    0.005,
    0.0,
    0.005,
    0.0,
    0.0,
    0.175,
    0.0,
    0.0,
    0.0,
    0.0,
    0.0,
    0.005,
    0.0,
    0.0,
    0.005,
    0.0,
    0.0,
    0.225,
    0.0,
    0.005,
    0.0,
    0.0,
    0.0,
    0.005,
    0.0,
    0.0,
    0.0,
    0.0,
    0.0,
    0.0,
    0.0,
    0.0,
    0.0,
    0.0,
    0.0,
    0.0,
    0.005,
    0.0,
    0.0,
    0.0,
    0.0,
    0.0,
    0.005,
    0.0,
    0.0,
    0.0,
    0.0,
    0.0,
    0.0,
    0.0,
    0.0,
    0.0,
    0.024793388429752067
  ],
  "episode_obj_vis": [
    0.03,
    0.155,
    0.0,
    0.05,
    0.01,
    0.0,
    0.23,
    0.01,
    0.6548672566371682,
    0.585,
    0.71,
    0.55,
    0.5,
    0.87,
    0.935,
    0.675,
    0.89,
    0.875,
    0.875,
    0.92,
    0.945,
    0.97,
    0.955,
    0.98,
    0.75,
    0.965,
    0.965,
    0.97,
    0.96,
    0.97,
    0.97,
    0.975,
    0.97,
    0.97,
    0.96,
    0.935,
    0.975,
    0.9668874172185431,
    0.975,
    0.9215686274509803,
    0.865,
    0.9743589743589743,
    0.605,
    0.865,
    0.975,
    0.9627329192546584,
    0.9552238805970149,
    0.97,
    0.975,
    0.97,
    0.9642857142857143,
    0.975,
    0.9504132231404959,
    0.9583333333333334,
    0.9622641509433962,
    0.975,
    0.98,
    0.9783783783783784,
    0.97,
    0.9008264462809917
  ]
}