{
  "label": "Training",
  "episode_rewards": [
    59.94355529231542,
    58.278338178495986,
    58.393239888366175,
    57.222470948665936,
    61.152224664148534,
    62.46976210419997,
    58.025640426693705,
    58.43219745397863,
    60.31289470712929,
    59.9469330348305,
    62.762906917548925,
    58.94287379157726,
    68.91844044012701,
    30.636176097682945,
    80.62935331229525,
    65.39206112638605,
    29.65954605490608,
    64.08366444092367,
    60.66953191706999,
    30.61516086425472,
    78.68922441381937,
    27.595694716384337,
    37.7192122873872,
    77.11510274916303,
    32.72594168280828,
    27.625997376670966,
    80.41500595469793,
    42.49113431305498,
    81.51763140959783,
    61.30099965311272,
    37.153800289650356,
    55.375018353447594,
    77.60179291803371,
    78.78124460542574,
    80.80935751245485,
    31.516295049017618,
    25.824125267313196,
    83.24673621464915,
    36.2550585019891,
    82.87320934707253,
    76.02742428814497,
    82.27218644964461,
    81.83413940322532,
    85.46725336239861,
    77.22418742240411,
    71.63197270180079,
    80.15577107760724,
    50.87276382990111,
    73.0500144297309,
    89.85206229387379,
    89.31005258538934,
    87.82115933586518,
    81.68589917767285,
    90.2779414099594,
    93.90952141905886,
    102.16391652378454,
    95.97235622988187,
    80.38037586183755,
    31.97489848056855,
    81.30395239829197,
    82.62049000800882,
    70.8831265524128,
    73.13585827474462,
    82.36241650814709,
    79.38110207745969,
    79.74693568847951,
    42.76566443274094,
    79.24009537877735,
    82.11930148422,
    76.22831976956792,
    57.421362466988064,
    75.44204907268616,
    77.45556701581606,
    59.57905953432476,
    81.49004558313099,
    83.36581153753345,
    85.01656512555434,
    81.56596885707442,
    63.40222185071873,
    84.24129255769414,
    85.11687752804777,
    99.12294779255105,
    80.61628892123494,
    91.740919273469,
    79.5179722102431,
    80.51016962760164,
    83.53004454464372,
    78.67248043522088,
    73.92954978137297,
    81.12928229968946,
    80.6318340717143,
    82.7378692153419,
    84.35846394819106,
    83.69607113359486,
    80.56529354849962,
    79.7986421671824,
    81.46496072681268,
    99.63432794174277,
    83.89649570180858,
    79.33627367515
  ],
  "episode_steps": [
    100,
    100,
    100,
    100,
    100,
    100,
    100,
    100,
    100,
    100,
    100,
    86,
    85,
    34,
    100,
    85,
    32,
    75,
    76,
    35,
    92,
    29,
    46,
    97,
    37,
    32,
    100,
    46,
    100,
    78,
    47,
    66,
    100,
    100,
    100,
    37,
    29,
    100,
    43,
    100,
    100,
    100,
    100,
    100,
    100,
    100,
    100,
    54,
    100,
    100,
    100,
    100,
    100,
    100,
    98,
    100,
    100,
    100,
    33,
    100,
    100,
    100,
    75,
    100,
    100,
    100,
    47,
    100,
    100,
    100,
    61,
    93,
    94,
    64,
    89,
    100,
    100,
    100,
    73,
    100,
    100,
    100,
    100,
    100,
    100,
    100,
    100,
    100,
    100,
    100,
    100,
    100,
    100,
    100,
    100,
    100,
    100,
    100,
    100,
    100
  ],
  "episode_cells": [
    4,
    4,
    2,
    4,
    4,
    4,
    3,
    3,
    4,
    4,
    4,
    7,
    8,
    6,
    9,
    7,
    6,
    8,
    7,
    6,
    10,
    5,
    7,
    11,
    7,
    4,
    10,
    7,
    12,
    7,
    6,
    8,
    8,
    12,
    10,
    6,
    4,
    9,
    7,
    10,
    8,
    9,
    8,
    11,
    9,
    8,
    7,
    8,
    6,
    12,
    10,
    9,
    9,
    10,
    14,
    15,
    11,
    10,
    6,
    10,
    10,
    7,
    10,
    11,
    10,
    8,
    7,
    9,
    9,
    9,
    9,
    10,
    11,
    8,
    11,
    11,
    9,
    10,
    7,
    7,
    7,
    13,
    8,
    12,
    8,
    8,
    9,
    8,
    8,
    8,
    9,
    10,
    10,
    9,
    8,
    8,
    10,
    13,
    11,
    10
  ],
  "episode_speeds": [
    0.17590041236877443,
    0.156511270904541,
    0.17615378780364993,
    0.14707908020019533,
    0.20067288398742675,
    0.21541432323455809,
    0.15721432514190675,
    0.15992032737731934,
    0.1924439702987671,
    0.18331173477172855,
    0.2209892946243286,
    0.2987117745155512,
    0.4836995995465447,
    0.5552990184110754,
    0.45816085796356204,
    0.44229831089692956,
    0.5877081596851348,
    0.5322039189656576,
    0.4768111808676468,
    0.5103120531354631,
    0.528657101755557,
    0.6507023752146754,
    0.45685313805289895,
    0.4256416075008431,
    0.5153355015935125,
    0.5621118998527528,
    0.43119714412689214,
    0.5967200105086617,
    0.4410213701248169,
    0.45381746218754687,
    0.43423076832548096,
    0.5030132368839147,
    0.41158896160125735,
    0.37562656459808347,
    0.4330857212066651,
    0.48370784604871603,
    0.5926636998406771,
    0.4880146417617797,
    0.471037220622218,
    0.48523745288848874,
    0.3984530645370484,
    0.4872400745391846,
    0.4860734100341797,
    0.5002447467803957,
    0.40572659778594977,
    0.3233826229095459,
    0.4617883604049682,
    0.639735556355229,
    0.3812994554519654,
    0.5659325407028198,
    0.5674043291091919,
    0.5705648027420043,
    0.4842306558609009,
    0.5940767097473145,
    0.6500028686134184,
    0.707541773033142,
    0.6606613346099854,
    0.43490746002197267,
    0.6783472633361817,
    0.4501873353958131,
    0.46966919269561763,
    0.3508358837127685,
    0.6896151232401532,
    0.460088791847229,
    0.4217225315093994,
    0.4599932283401489,
    0.5948269008068328,
    0.4402920129776002,
    0.4814984018325806,
    0.4070253267288208,
    0.6086433701437027,
    0.45178125463506225,
    0.4635994458705822,
    0.6357070466876029,
    0.6182767829466401,
    0.4815754234313965,
    0.52602364692688,
    0.4513822467803955,
    0.561498305438316,
    0.5365803735733032,
    0.5405532932281494,
    0.6877260360717774,
    0.46003690757751464,
    0.5844553531646729,
    0.4407809234619141,
    0.46193752269744875,
    0.5017845575332641,
    0.42767796611785885,
    0.35241322460174557,
    0.46833446769714354,
    0.44240587329864495,
    0.4724333671569825,
    0.49375165977478025,
    0.4897867805480957,
    0.4521855031967163,
    0.4451669353485107,
    0.46219945964813236,
    0.6959139142990112,
    0.48001992778778074,
    0.41399973201751705
  ],
  "episode_collisions": [
    0.0,
    0.0,
    0.0,
    0.0,
    0.0,
    0.0,
    0.0,
    0.0,
    0.0,
    0.0,
    0.0,
    0.011627906976744186,
    0.011764705882352941,
    0.029411764705882353,
    0.0,
    0.011764705882352941,
    0.03125,
    0.013333333333333334,
    0.013157894736842105,
    0.02857142857142857,
    0.010869565217391304,
    0.034482758620689655,
    0.021739130434782608,
    0.010309278350515464,
    0.02702702702702703,
    0.03125,
    0.0,
    0.021739130434782608,
    0.0,
    0.01282051282051282,
    0.02127659574468085,
    0.015151515151515152,
    0.0,
    0.0,
    0.0,
    0.02702702702702703,
    0.034482758620689655,
    0.0,
    0.023255813953488372,
    0.0,
    0.0,
    0.0,
    0.0,
    0.0,
    0.0,
    0.0,
    0.0,
    0.018518518518518517,
    0.0,
    0.0,
    0.0,
    0.0,
    0.0,
    0.0,
    0.01020408163265306,
    0.0,
    0.0,
    0.0,
    0.030303030303030304,
    0.0,
    0.0,
    0.0,
    0.013333333333333334,
    0.0,
    0.0,
    0.0,
    0.02127659574468085,
    0.0,
    0.0,
    0.0,
    0.01639344262295082,
    0.010752688172043012,
    0.010638297872340425,
    0.015625,
    0.011235955056179775,
    0.0,
    0.0,
    0.0,
    0.0136986301369863,
    0.0,
    0.0,
    0.0,
    0.0,
    0.0,
    0.0,
    0.0,
    0.0,
    0.0,
    0.0,
    0.0,
    0.0,
    0.0,
    0.0,
    0.0,
    0.0,
    0.0,
    0.0,
    0.0,
    0.0,
    0.0
  ],